date,symbol,priceHigh,priceLow,priceOpen,priceAverage,priceClose,priceBasic,totalVolume,dealVolume,putthroughVolume,totalValue,putthroughValue,buyForeignQuantity,buyForeignValue,sellForeignQuantity,sellForeignValue,buyCount,buyQuantity,sellCount,sellQuantity,adjRatio,currentForeignRoom,propTradingNetDealValue,propTradingNetPTValue,propTradingNetValue,unit
2025-12-16T00:00:00,VCK,54.5,49.1,54.5,51.900947846538486,50.8,60.0,14838900.0,14838900.0,0.0,770152975000.0,0.0,1118200.0,58035639881.99934,3221000.0,167172953013.70047,9527.0,19887100.0,10261.0,40885000.0,1.6,1441536391.0,0.0,0.0,0.0,1000.0
2025-12-17T00:00:00,VCK,52.5,48.0,50.0,50.019634135173085,52.4,50.8,7245300.0,6551600.0,693700.0,362771095000.0,35062460000.0,2500.0,125049085.33793272,0.0,0.0,6322.0,11007423.0,4426.0,9969068.0,1.6,1442216891.0,0.0,0.0,0.0,1000.0
2025-12-18T00:00:00,VCK,53.2,51.3,52.4,52.60928906006037,52.6,52.4,14954000.0,4803500.0,10150500.0,820594920000.0,567886200000.0,1690300.0,88925481298.22005,1506500.0,79255893968.98096,2697.0,17650149.0,3498.0,17489304.0,1.6,1440813391.0,0.0,0.0,0.0,1000.0
2025-12-19T00:00:00,VCK,53.0,51.9,52.8,52.39713516533753,52.6,52.6,1968700.0,1968700.0,0.0,103154240000.0,0.0,412200.0,21598099115.15213,200.0,10479427.033067506,1832.0,3932551.0,2884.0,3915298.0,1.6,1444128491.0,0.0,0.0,0.0,1000.0
2025-12-22T00:00:00,VCK,52.5,51.8,52.5,52.08135733157199,51.9,52.6,1816800.0,1816800.0,0.0,94621410000.0,0.0,11800.0,614560016.5125495,8400.0,437483401.5852048,2147.0,2729812.0,2140.0,3529462.0,1.6,1444126091.0,0.0,0.0,0.0,1000.0
2025-12-23T00:00:00,VCK,51.9,50.5,51.9,51.130806647750305,50.5,51.9,2960400.0,2960400.0,0.0,151367640000.0,0.0,368200.0,18826363007.70166,0.0,0.0,3222.0,4139508.0,2255.0,4621704.0,1.6,1443575891.0,0.0,0.0,0.0,1000.0
2025-12-24T00:00:00,VCK,50.5,49.5,50.5,49.93194837564953,50.0,50.5,12367100.0,2367100.0,10000000.0,642375415000.0,524181500000.0,98400.0,4913303720.163914,14700.0,733999641.122048,3019.0,13595247.0,1863.0,13433402.0,1.6,1443689291.0,0.0,0.0,0.0,1000.0
2025-12-25T00:00:00,VCK,50.5,49.0,50.2,49.54675203611029,49.0,50.0,2038200.0,2038200.0,0.0,100986190000.0,0.0,0.0,0.0,9400.0,465739469.1394368,2722.0,2869532.0,1734.0,3265396.0,1.6,1443604091.0,0.0,0.0,0.0,1000.0
2025-12-26T00:00:00,VCK,49.25,48.3,48.55,48.589973703083906,48.6,49.0,2091500.0,2091500.0,0.0,101625930000.0,0.0,221200.0,10748102183.122162,100.0,4858997.370308391,2991.0,3338582.0,1794.0,3073689.0,1.6,1443326991.0,0.0,0.0,0.0,1000.0
2025-12-29T00:00:00,VCK,49.95,48.2,48.4,49.37287008962783,49.7,48.6,4301300.0,3001300.0,1300000.0,215782795000.0,67600000000.0,527100.0,26024439824.24283,0.0,0.0,1898.0,7202246.0,2662.0,5778237.0,1.6,1442955891.0,0.0,0.0,0.0,1000.0
2025-12-30T00:00:00,VCK,50.1,49.8,49.9,49.90443873179092,49.9,49.7,1167000.0,1167000.0,0.0,58238480000.0,0.0,259500.0,12950201850.899742,0.0,0.0,742.0,2447316.0,2005.0,2816915.0,1.6,1442514691.0,0.0,0.0,0.0,1000.0
2025-12-31T00:00:00,VCK,50.2,49.8,50.2,49.91844612673758,50.1,49.9,1569500.0,1532300.0,37200.0,78472795000.0,1982760000.0,243900.0,12175109010.311296,100.0,4991844.6126737585,465.0,2732403.0,1563.0,2672033.0,1.6,1442461891.0,0.0,0.0,0.0,1000.0
2026-01-05T00:00:00,VCK,49.95,48.6,49.1,48.991983398864136,48.65,50.1,915600.0,915600.0,0.0,44857060000.0,0.0,0.0,0.0,200.0,9798396.679772826,1188.0,1513210.0,1094.0,2517088.0,1.6,1442461991.0,0.0,0.0,0.0,1000.0
2026-01-06T00:00:00,VCK,49.15,48.35,48.65,48.62481954258794,48.6,48.65,1316100.0,1316100.0,0.0,63995125000.0,0.0,117600.0,5718278778.208343,0.0,0.0,1572.0,2225251.0,1069.0,2935476.0,1.6,1442343191.0,0.0,0.0,0.0,1000.0
2026-01-07T00:00:00,VCK,49.15,48.5,48.7,48.72571741411561,48.5,48.6,2191900.0,2191900.0,0.0,106801900000.0,0.0,178100.0,8678050271.453989,9800.0,477512030.65833294,1891.0,2935966.0,1213.0,3393837.0,1.6,1442166291.0,0.0,0.0,0.0,1000.0
2026-01-08T00:00:00,VCK,48.9,48.05,48.05,48.30247828657178,48.2,48.5,2199100.0,2199100.0,0.0,106221980000.0,0.0,95000.0,4588735437.224319,17900.0,864614361.3296349,3020.0,3331306.0,1584.0,3282357.0,1.6,1442054891.0,0.0,0.0,0.0,1000.0
2026-01-09T00:00:00,VCK,48.4,46.0,48.15,47.143266170243834,46.0,48.2,3424500.0,3424500.0,0.0,161442115000.0,0.0,16700.0,787292545.043072,38700.0,1824444400.7884362,4317.0,4428462.0,2049.0,6025776.0,1.6,1442033891.0,153835000.0,0.0,153835000.0,1000.0
2026-01-12T00:00:00,VCK,49.0,44.7,45.95,46.90824279471811,47.15,46.0,4187900.0,4187900.0,0.0,196447030000.0,0.0,42800.0,2007672791.6139355,22200.0,1041362990.0427421,3662.0,5938235.0,3071.0,6396196.0,1.6,1442040391.0,419815000.0,0.0,419815000.0,1000.0
2026-01-13T00:00:00,VCK,48.5,47.1,47.25,47.60319612327126,47.5,47.15,2754900.0,2754900.0,0.0,131142045000.0,0.0,1500.0,71404794.1849069,0.0,0.0,2021.0,3630259.0,2322.0,4668431.0,1.6,1442077091.0,52085000.0,0.0,52085000.0,1000.0
2026-01-14T00:00:00,VCK,48.0,46.25,47.55,46.90084827844779,46.3,47.5,3256700.0,3200600.0,56100.0,152960735000.0,2849880000.0,1400.0,65661187.589826904,4700.0,220433986.9087046,3393.0,4319616.0,2196.0,5234815.0,1.6,1442097691.0,-206250000.0,0.0,-206250000.0,1000.0
2026-01-15T00:00:00,VCK,47.25,46.15,46.4,46.561103832296105,46.65,46.3,2747700.0,2747700.0,0.0,127935945000.0,0.0,445000.0,20719691205.371765,12800.0,595982129.0533901,2574.0,4776729.0,2135.0,4093307.0,1.6,1441647191.0,205315000.0,0.0,205315000.0,1000.0
2026-01-16T00:00:00,VCK,47.0,46.2,46.95,46.52274924169194,46.45,46.65,3000100.0,3000100.0,0.0,139572900000.0,0.0,88100.0,4098654208.1930604,29700.0,1381725652.4782507,2453.0,4423764.0,1651.0,4436045.0,1.6,1441578791.0,256245000.0,0.0,256245000.0,1000.0
2026-01-19T00:00:00,VCK,48.45,46.2,46.5,47.344293490485406,48.0,46.45,4445800.0,4445800.0,0.0,210483260000.0,0.0,661800.0,31332453432.00324,4900.0,231987038.10337847,2217.0,7831379.0,3233.0,6056223.0,1.6,1440943391.0,-460790000.0,0.0,-460790000.0,1000.0
2026-01-20T00:00:00,VCK,48.45,47.85,48.3,48.10873011281458,47.9,48.0,3457000.0,3457000.0,0.0,166311880000.0,0.0,1017600.0,48955443762.80012,430800.0,20725240932.60052,1313.0,5258822.0,2472.0,5790222.0,1.6,1439937291.0,-52910000.0,0.0,-52910000.0,1000.0
2026-01-21T00:00:00,VCK,47.65,46.4,47.6,46.961968232338286,47.0,47.9,2348300.0,2348300.0,0.0,110280790000.0,0.0,51600.0,2423237560.7886558,164600.0,7729939971.042882,2044.0,3623172.0,1353.0,4056400.0,1.6,1440311391.0,108325000.0,0.0,108325000.0,1000.0
2026-01-22T00:00:00,VCK,47.3,46.45,47.3,46.77952659834066,47.05,47.0,2663700.0,2663700.0,0.0,124606625000.0,0.0,305.0,14267755.612493899,341900.0,15993920143.97267,2037.0,4408540.0,1291.0,4943928.0,1.6,1440318786.0,51150000.0,0.0,51150000.0,1000.0
2026-01-23T00:00:00,VCK,47.55,46.6,47.05,47.20895891827989,47.5,47.05,2706800.0,2706800.0,0.0,127785210000.0,0.0,249100.0,11759751666.54352,72200.0,3408486833.899808,1757.0,4549089.0,1788.0,4519414.0,1.6,1440118891.0,-56700000.0,0.0,-56700000.0,1000.0
2026-01-26T00:00:00,VCK,47.6,46.15,47.5,46.771909708923786,46.5,47.5,2122800.0,2088800.0,34000.0,99424365000.0,1727200000.0,20200.0,944792576.1202605,291200.0,13619980107.238605,1945.0,3153371.0,1255.0,3964592.0,1.6,1440283391.0,0.0,0.0,0.0,1000.0
2026-01-27T00:00:00,VCK,47.0,46.2,46.5,46.523825136612025,46.7,46.5,1555500.0,1555500.0,0.0,72367810000.0,0.0,10700.0,497804928.96174866,24900.0,1158443245.9016395,1157.0,2429075.0,1073.0,2884878.0,1.6,1440631986.0,153175000.0,0.0,153175000.0,1000.0
2026-01-28T00:00:00,VCK,46.8,46.0,46.8,46.27998965244385,46.25,46.7,1642900.0,1642900.0,0.0,76033395000.0,0.0,45300.0,2096483531.2557063,248600.0,11505205427.597542,1743.0,2532921.0,1224.0,3444140.0,1.6,1440593486.0,0.0,0.0,0.0,1000.0
2026-01-29T00:00:00,VCK,46.5,46.0,46.2,46.18701596333175,46.1,46.25,1265400.0,1265400.0,0.0,58445050000.0,0.0,37300.0,1722775695.4322743,12300.0,568100296.3489805,1386.0,2392256.0,889.0,2666597.0,1.6,1440868886.0,0.0,0.0,0.0,1000.0
2026-01-30T00:00:00,VCK,46.45,45.7,46.1,45.92870492175096,45.9,46.1,2204500.0,2204500.0,0.0,101249830000.0,0.0,3000.0,137786114.7652529,221400.0,10168615269.675663,2099.0,3408962.0,1175.0,3154745.0,1.6,1440896986.0,100925000.0,0.0,100925000.0,1000.0
2026-02-02T00:00:00,VCK,46.0,45.2,46.0,45.48893236275402,45.2,45.9,1648500.0,1648500.0,0.0,74988505000.0,0.0,34900.0,1587563739.4601152,120400.0,5476867456.475584,1601.0,2321341.0,1098.0,2784614.0,1.6,1480577686.0,0.0,0.0,0.0,1000.0
2026-02-03T00:00:00,VCK,45.9,45.1,45.3,45.5111956144076,45.75,45.2,2590300.0,2590300.0,0.0,117887650000.0,0.0,431000.0,19615325309.809673,3000.0,136533586.8432228,1954.0,4290886.0,1488.0,3742361.0,1.6,1480177286.0,0.0,0.0,0.0,1000.0
2026-02-04T00:00:00,VCK,46.5,45.15,45.95,45.73845842644679,45.2,45.75,2595400.0,2595400.0,0.0,118709595000.0,0.0,201501.0,9216345111.387455,24100.0,1102296848.0773675,2187.0,3747657.0,1579.0,4203877.0,1.6,1480201985.0,0.0,0.0,0.0,1000.0
2026-02-05T00:00:00,VCK,45.6,44.65,45.6,44.9875338106603,44.65,45.2,1885500.0,1885500.0,0.0,84823995000.0,0.0,5400.0,242932682.57756564,21100.0,949236963.4049324,1884.0,2690773.0,1059.0,2832876.0,1.6,1480244985.0,0.0,0.0,0.0,1000.0
2026-02-06T00:00:00,VCK,44.4,42.8,44.4,43.43536182853371,42.8,44.65,2487000.0,2423800.0,63200.0,107920390000.0,2641760000.0,122900.0,5338205968.726792,344500.0,14963482149.929863,2528.0,3260758.0,1538.0,4023876.0,1.6,1480194885.0,-338360000.0,0.0,-338360000.0,1000.0
2026-02-09T00:00:00,VCK,43.0,42.1,43.0,42.59625670311303,42.7,42.8,1435900.0,1435900.0,0.0,61163965000.0,0.0,343700.0,14640333428.85995,165600.0,7053940110.035518,1953.0,2491400.0,1154.0,2300595.0,1.6,1479965085.0,0.0,0.0,0.0,1000.0
2026-02-10T00:00:00,VCK,45.65,42.4,43.0,43.80943340835699,45.65,42.7,3065700.0,3065700.0,0.0,134306580000.0,0.0,1027700.0,45022954713.76847,21300.0,933140931.5980037,1987.0,4376970.0,1877.0,3606839.0,1.6,1479113580.0,-93775000.0,0.0,-93775000.0,1000.0
2026-02-11T00:00:00,VCK,46.1,45.35,45.8,45.72462812861851,45.9,45.65,2265400.0,2245400.0,20000.0,103520080000.0,850000000.0,570510.0,26086357593.658146,39300.0,1796977885.4547074,1284.0,3046718.0,2230.0,4621044.0,1.6,1478795075.0,0.0,0.0,0.0,1000.0
2026-02-12T00:00:00,VCK,46.45,45.65,46.45,46.082104461566026,46.35,45.9,2232400.0,2232400.0,0.0,102873690000.0,0.0,500000.0,23041052230.783012,55100.0,2539123955.8322883,995.0,2953136.0,1667.0,4122570.0,1.6,1478332370.0,-253110000.0,0.0,-253110000.0,1000.0
2026-02-13T00:00:00,VCK,46.55,45.85,46.55,46.199424843139035,46.3,46.35,2199400.0,2199400.0,0.0,101611015000.0,0.0,602000.0,27812053755.569702,236200.0,10912304147.94944,1153.0,3353627.0,1350.0,5056266.0,1.6,1477784570.0,0.0,0.0,0.0,1000.0
2026-02-23T00:00:00,VCK,48.9,46.15,46.3,47.52845818389305,48.9,46.3,4907200.0,4907200.0,0.0,233231650000.0,0.0,1040900.0,49472372123.61428,366000.0,17395415695.30486,1880.0,7655762.0,3065.0,6298165.0,1.6,1476978175.0,0.0,0.0,0.0,1000.0
2026-02-24T00:00:00,VCK,49.2,48.1,48.9,48.703505380837946,49.1,48.9,2871300.0,2871300.0,0.0,139842375000.0,0.0,31700.0,1543901120.572563,144400.0,7032786176.993,1667.0,5195458.0,2409.0,4893745.0,1.6,1477241075.0,0.0,0.0,0.0,1000.0
2026-02-25T00:00:00,VCK,49.2,48.5,49.1,48.821607745342526,48.5,49.1,1363400.0,1363400.0,0.0,66563380000.0,0.0,0.0,0.0,84700.0,4135190176.030512,1031.0,1916508.0,1468.0,3652831.0,1.6,1477348775.0,0.0,0.0,0.0,1000.0
2026-02-26T00:00:00,VCK,48.65,48.1,48.65,48.29768347683477,48.25,48.5,1951200.0,1951200.0,0.0,94238440000.0,0.0,148700.0,7181865533.00533,85400.0,4124622168.921689,1071.0,3652693.0,933.0,3192252.0,1.6,1477190275.0,0.0,0.0,0.0,1000.0
2026-02-27T00:00:00,VCK,49.7,48.4,48.8,49.246499502770284,49.7,48.25,7629400.0,7039000.0,590400.0,375870910000.0,29224800000.0,1684800.0,82970502362.26736,169800.0,8362055615.570394,2228.0,11643468.0,2761.0,9454054.0,1.6,1475699875.0,0.0,0.0,0.0,1000.0
2026-03-02T00:00:00,VCK,49.5,48.0,48.0,48.82003737979682,48.6,49.7,14767376.0,3317300.0,11450076.0,729646643000.0,567695933000.0,270990.0,13229741929.551142,248400.0,12126897285.141531,2192.0,17537933.0,1622.0,20438090.0,1.6,1475597835.0,0.0,0.0,0.0,1000.0
2026-03-03T00:00:00,VCK,49.7,48.1,48.8,48.84259699740516,48.8,48.6,3237200.0,3237200.0,0.0,158113255000.0,0.0,348700.0,17031413572.99518,354200.0,17300047856.48091,1659.0,5403079.0,1749.0,5621906.0,1.6,1475601585.0,0.0,0.0,0.0,1000.0
2026-03-04T00:00:00,VCK,51.0,47.55,49.0,49.04409613596009,51.0,48.8,4893957.0,4730800.0,163157.0,239435604000.0,7417794000.0,775000.0,38009174505.36907,86600.0,4247218725.374144,2206.0,7993084.0,1870.0,6370729.0,1.6,1475101485.0,0.0,0.0,0.0,1000.0
2026-03-05T00:00:00,VCK,52.5,50.9,51.3,51.69034312505186,51.3,51.0,6820400.0,4820400.0,2000000.0,354768130000.0,105600000000.0,801000.0,41403964843.16654,2407800.0,124460008176.49988,2370.0,9070234.0,3324.0,11615369.0,1.6,1474435085.0,0.0,0.0,0.0,1000.0
2026-03-06T00:00:00,VCK,51.3,48.75,51.3,49.82153633443129,48.75,51.3,2459100.0,2459100.0,0.0,122516140000.0,0.0,135210.0,6736369927.778456,371700.0,18518665055.508114,1886.0,3711383.0,1704.0,6278354.0,1.6,1475119875.0,0.0,0.0,0.0,1000.0
2026-03-09T00:00:00,VCK,46.0,45.35,45.8,45.39023902973727,45.35,48.75,5689200.0,5656200.0,33000.0,258455570000.0,1719300000.0,111340.0,5053749213.570949,77800.0,3531360596.5135603,1892.0,6222787.0,1984.0,8537875.0,1.6,1475156045.0,0.0,0.0,0.0,1000.0
2026-03-10T00:00:00,VCK,30.3,29.0,30.3,29.93372268330547,30.3,28.35,6699200.0,6699200.0,0.0,200531995000.0,0.0,176600.0,5286295425.871746,601700.0,18011120938.5449,1500.0,9585089.0,2098.0,9412844.0,1.0,1476636345.0,0.0,0.0,0.0,1000.0
2026-03-11T00:00:00,VCK,30.5,29.55,30.0,30.10518182082015,30.5,30.3,3445700.0,3445700.0,0.0,103733425000.0,0.0,1500.0,45157772.73123023,796800.0,23987808874.8295,1759.0,6273986.0,1353.0,5912498.0,1.0,1476956235.0,0.0,0.0,0.0,1000.0
2026-03-12T00:00:00,VCK,30.5,29.5,30.3,30.06042297979798,30.4,30.5,2376000.0,2376000.0,0.0,71423565000.0,0.0,38500.0,1157326284.7222223,187900.0,5648353477.90404,1553.0,3764602.0,1156.0,4632803.0,1.0,1476944835.0,0.0,0.0,0.0,1000.0
2026-03-13T00:00:00,VCK,31.25,29.5,29.5,30.493013506090666,31.25,30.4,6189800.0,6189800.0,0.0,188745655000.0,0.0,561800.0,17130974987.721735,206700.0,6302905891.7089405,1705.0,9565911.0,1946.0,10014450.0,1.0,1476865535.0,0.0,0.0,0.0,1000.0
2026-03-16T00:00:00,VCK,33.4,31.4,31.5,32.9252952284451,33.4,31.25,12759100.0,10856000.0,1903100.0,420677895000.0,63240890000.0,3308300.0,108926754204.26491,1581500.0,52071354403.78593,3772.0,24651147.0,2939.0,13122042.0,1.0,1471744435.0,0.0,0.0,0.0,1000.0
2026-03-17T00:00:00,VCK,35.7,33.7,34.0,35.14390794088552,35.7,33.4,20015400.0,20015400.0,0.0,703419375000.0,0.0,8810100.0,309621343349.9955,610500.0,21455355797.91061,6902.0,31640691.0,5366.0,25164778.0,1.0,1467478935.0,0.0,0.0,0.0,1000.0
2026-03-18T00:00:00,VCK,38.1,33.25,38.1,35.24042501860529,35.0,35.7,12227700.0,12227700.0,0.0,430909345000.0,0.0,257600.0,9077933484.792725,1859800.0,65540142449.602135,4634.0,18307011.0,5599.0,25943745.0,1.0,1467804735.0,0.0,0.0,0.0,1000.0
2026-03-19T00:00:00,VCK,34.5,32.6,33.9,33.60249889086069,34.5,35.0,4508000.0,4508000.0,0.0,151480065000.0,0.0,39500.0,1327298706.1889973,81140.0,2726506760.0044365,2580.0,8493764.0,2144.0,10947085.0,1.0,1468112335.0,0.0,0.0,0.0,1000.0
2026-03-20T00:00:00,VCK,35.7,33.1,33.4,35.377821152126835,35.7,34.5,22977300.0,20916100.0,2061200.0,813550885000.0,73584840000.0,19759600.0,699051594837.5653,11461100.0,405468746006.6408,2608.0,26101333.0,4063.0,36238426.0,1.0,1448730635.0,0.0,0.0,0.0,1000.0
2026-03-23T00:00:00,VCK,35.15,33.25,33.8,34.38886526507998,35.15,35.7,7995700.0,7995700.0,0.0,274963050000.0,0.0,4197300.0,144340384177.1202,694700.0,23889944699.651062,2812.0,14390283.0,3698.0,18146173.0,1.0,1457271835.0,0.0,0.0,0.0,1000.0
2026-03-24T00:00:00,VCK,35.8,33.95,35.0,35.290308389570384,35.65,35.15,9024300.0,9024300.0,0.0,318470330000.0,0.0,3482800.0,122909086059.19572,234700.0,8282635379.032168,2991.0,13310260.0,4526.0,18049725.0,1.0,1454400775.0,0.0,0.0,0.0,1000.0
2026-03-25T00:00:00,VCK,35.7,35.0,35.65,35.51276141755241,35.5,35.65,3772700.0,3772700.0,0.0,133978995000.0,0.0,1000.0,35512761.41755242,474100.0,16836600188.0616,2391.0,6929941.0,2838.0,12379527.0,1.0,1454759075.0,0.0,0.0,0.0,1000.0
2026-03-26T00:00:00,VCK,35.4,34.3,35.3,34.82035089066339,35.0,35.5,3907200.0,3907200.0,0.0,136050075000.0,0.0,3100.0,107943087.76105651,38100.0,1326655368.9342752,2619.0,7079924.0,1975.0,9298613.0,1.0,1454647375.0,0.0,0.0,0.0,1000.0
2026-03-27T00:00:00,VCK,35.15,34.35,34.6,34.78081477553906,34.85,35.0,3960600.0,3960600.0,0.0,137752895000.0,0.0,52000.0,1808602368.328031,574973.0,19998029413.936024,2710.0,6924575.0,1929.0,9927591.0,1.0,1454517675.0,0.0,0.0,0.0,1000.0
2026-03-30T00:00:00,VCK,34.5,33.9,34.0,34.08648601002342,34.0,34.85,3970700.0,3970700.0,0.0,135347210000.0,0.0,147500.0,5027756686.478455,595000.0,20281459175.963936,2611.0,7348188.0,1397.0,6893677.0,1.0,1454943075.0,0.0,0.0,0.0,1000.0
2026-03-31T00:00:00,VCK,34.7,33.7,34.2,34.11871091288117,33.75,34.0,4125400.0,4125400.0,0.0,140753330000.0,0.0,135800.0,4633320941.969264,1310200.0,44702335038.056915,2373.0,6091472.0,1857.0,9052255.0,1.0,1455090475.0,0.0,0.0,0.0,1000.0
2026-04-01T00:00:00,VCK,35.1,33.8,33.8,34.69110866133159,35.0,33.75,7347600.0,7347600.0,0.0,254896390000.0,0.0,2275800.0,78950025091.45844,807000.0,27995724689.694595,3002.0,11931567.0,2623.0,10334233.0,1.0,1453376248.0,0.0,0.0,0.0,1000.0
2026-04-02T00:00:00,VCK,37.0,34.3,34.7,35.85159639745971,36.8,35.0,14911700.0,14911700.0,0.0,534608250000.0,0.0,3029100.0,108598070647.54523,275800.0,9887870286.41939,6824.0,25860196.0,5946.0,27567560.0,1.0,1451390147.0,0.0,0.0,0.0,1000.0
2026-04-03T00:00:00,VCK,37.0,36.1,36.25,36.479778600746016,37.0,36.8,7479700.0,7479700.0,0.0,272857800000.0,0.0,270200.0,9856836177.921574,27100.0,988602000.0802171,3373.0,11854090.0,3932.0,15682082.0,1.0,1452710048.0,0.0,0.0,0.0,1000.0
2026-04-06T00:00:00,VCK,37.4,36.35,36.5,36.7152618522602,36.8,37.0,5442000.0,5442000.0,0.0,199804455000.0,0.0,58800.0,2158857396.9128995,199600.0,7328366265.711136,3002.0,8766294.0,3621.0,14721549.0,1.0,1452761048.0,0.0,0.0,0.0,1000.0
2026-04-07T00:00:00,VCK,36.95,35.6,36.6,36.47930379214664,36.85,36.8,5946500.0,5946500.0,0.0,216924180000.0,0.0,1197900.0,43698558012.612465,363200.0,13249283137.30766,3041.0,8417290.0,2742.0,12744963.0,1.0,1451615848.0,0.0,0.0,0.0,1000.0
2026-04-08T00:00:00,VCK,37.9,36.85,37.5,37.483995319770834,37.9,36.85,11153300.0,11153300.0,0.0,418070245000.0,0.0,179401.0,6724666244.362206,457400.0,17145179459.263178,4976.0,15853747.0,6221.0,22889259.0,1.0,1451734747.0,0.0,0.0,0.0,1000.0
2026-04-09T00:00:00,VCK,37.8,36.5,37.4,37.0991865243789,37.3,37.9,5912900.0,5912900.0,0.0,219363780000.0,0.0,26640.0,988322329.0094539,223800.0,8302797944.155998,3507.0,9174839.0,3367.0,15641178.0,1.0,1452066198.0,0.0,0.0,0.0,1000.0
2026-04-10T00:00:00,VCK,37.3,36.7,37.25,37.00108695652174,37.0,37.3,5469200.0,4853000.0,616200.0,200948415000.0,21382140000.0,177904.0,6582641373.913043,176000.0,6512191304.347826,2305.0,8698541.0,2704.0,12499735.0,1.0,1451868138.0,0.0,0.0,0.0,1000.0
2026-04-13T00:00:00,VCK,37.9,36.45,36.7,37.26445449889022,37.1,37.0,5857000.0,5857000.0,0.0,218257910000.0,0.0,352600.0,13139446656.308691,37264.0,1388622632.446645,3887.0,12771650.0,4344.0,18780185.0,1.0,1452045443.0,0.0,0.0,0.0,1000.0
2026-04-14T00:00:00,VCK,37.25,36.15,36.9,36.55073261037411,36.7,37.1,5698800.0,5698800.0,0.0,208295315000.0,0.0,5700.0,208339175.87913245,188319.0,6883197414.453043,4686.0,8927779.0,2752.0,15311891.0,1.0,1452282167.0,0.0,0.0,0.0,1000.0
2026-04-15T00:00:00,VCK,36.9,36.0,36.7,36.42162397965219,36.1,36.7,3381200.0,3381200.0,0.0,123148795000.0,0.0,44100.0,1606193617.5026617,211200.0,7692246984.502543,2422.0,4488477.0,2396.0,10775988.0,1.0,1452242267.0,0.0,0.0,0.0,1000.0
2026-04-16T00:00:00,VCK,36.25,34.2,36.25,34.88665550624205,34.35,36.1,7705800.0,7705800.0,0.0,268829590000.0,0.0,129440.0,4515728688.727971,1828000.0,63772806265.41047,7482.0,12039299.0,3901.0,15284760.0,1.0,1452222827.0,0.0,0.0,0.0,1000.0
2026-04-17T00:00:00,VCK,35.0,33.95,34.5,34.573306071448854,34.4,34.35,3521400.0,3521400.0,0.0,121746440000.0,0.0,187300.0,6475580227.18237,312400.0,10800700816.720623,3339.0,6264895.0,1826.0,6224232.0,1.0,1452292786.0,0.0,0.0,0.0,1000.0
2026-04-20T00:00:00,VCK,34.9,34.3,34.5,34.56022825027241,34.55,34.4,1743700.0,1743700.0,0.0,60262670000.0,0.0,41700.0,1441161518.0363595,36600.0,1264904353.9599702,1615.0,3091997.0,1186.0,4089195.0,1.0,1452628686.0,0.0,0.0,0.0,1000.0
2026-04-21T00:00:00,VCK,34.7,33.95,34.7,34.240872752970276,34.0,34.55,2297300.0,2264100.0,33200.0,78719960000.0,1195200000.0,2700.0,92450356.43301974,143684.0,4919865560.637781,2209.0,3446599.0,1488.0,4128188.0,1.0,1454379546.0,0.0,0.0,0.0,1000.0
2026-04-22T00:00:00,VCK,34.2,33.65,34.0,33.85502063273728,33.65,34.0,2181000.0,2181000.0,0.0,73837800000.0,0.0,1200.0,40626024.759284735,258017.0,8735170858.596973,2359.0,3902281.0,1323.0,5383136.0,1.0,1454449946.0,0.0,0.0,0.0,1000.0
2026-04-23T00:00:00,VCK,34.05,33.3,33.7,33.68443862948728,33.8,33.65,2445800.0,2445800.0,0.0,82385400000.0,0.0,74000.0,2492648458.582059,102800.0,3462760291.111293,2831.0,4489816.0,1516.0,4081679.0,1.0,1454389146.0,0.0,0.0,0.0,1000.0
2026-04-24T00:00:00,VCK,34.8,33.7,33.9,34.32393740084612,34.8,33.8,3025600.0,3025600.0,0.0,103850505000.0,0.0,82400.0,2828292441.8297195,62300.0,2138381300.072713,1781.0,5033494.0,1557.0,4418006.0,1.0,1454585530.0,0.0,0.0,0.0,1000.0
2026-04-28T00:00:00,VCK,35.0,34.35,34.5,34.77167511008002,34.7,34.8,2112100.0,2112100.0,0.0,73441255000.0,0.0,472000.0,16412230651.957767,63000.0,2190615531.935041,1952.0,4013758.0,1501.0,4808102.0,1.0,1454432647.0,0.0,0.0,0.0,1000.0
2026-04-29T00:00:00,VCK,34.85,34.2,34.8,34.48830366553461,34.5,34.7,1707800.0,1707800.0,0.0,58899125000.0,0.0,55400.0,1910652023.0706172,86100.0,2969442945.6025295,1726.0,3153071.0,1145.0,3775993.0,1.0,1454473247.0,0.0,0.0,0.0,1000.0
2026-05-04T00:00:00,VCK,34.8,34.15,34.55,34.460311936066,34.15,34.5,1939500.0,1939500.0,0.0,66835775000.0,0.0,243400.0,8387639925.238463,110200.0,3797526375.3544726,1509.0,2923911.0,1179.0,3811905.0,1.0,1454302747.0,0.0,0.0,0.0,1000.0
2026-05-05T00:00:00,VCK,34.4,33.75,34.0,33.9923582756694,34.0,34.15,2326700.0,2326700.0,0.0,79090020000.0,0.0,64500.0,2192507108.7806764,71300.0,2423655145.055228,1947.0,3848731.0,1138.0,3824305.0,1.0,1454337947.0,0.0,0.0,0.0,1000.0
2026-05-06T00:00:00,VCK,35.0,33.85,34.2,34.55628215004597,34.8,34.0,4024100.0,4024100.0,0.0,139057935000.0,0.0,145800.0,5038305937.476703,127600.0,4409381602.345866,2689.0,7181320.0,2241.0,6210504.0,1.0,1454215947.0,0.0,0.0,0.0,1000.0
2026-05-07T00:00:00,VCK,35.3,34.6,34.85,34.84257695830512,34.7,34.8,2511100.0,2511100.0,0.0,87493195000.0,0.0,77700.0,2707268229.6603084,137400.0,4787370074.071124,1384.0,3741217.0,2119.0,5778649.0,1.0,2340581414.0,0.0,0.0,0.0,1000.0
2026-05-08T00:00:00,VCK,34.8,34.3,34.3,34.575956566701144,34.7,34.7,2320800.0,2320800.0,0.0,80243880000.0,0.0,75500.0,2610484720.785936,123500.0,4270130635.9875903,1140.0,3762793.0,1696.0,5536476.0,1.0,2340591114.0,0.0,0.0,0.0,1000.0
2026-05-11T00:00:00,VCK,35.2,34.3,34.7,34.62701048006627,34.3,34.7,2776700.0,2776700.0,0.0,96148820000.0,0.0,27800.0,962630891.3458422,183000.0,6336742917.852127,1772.0,3555867.0,1723.0,6696589.0,1.0,2340639514.0,0.0,0.0,0.0,1000.0
2026-05-12T00:00:00,VCK,34.5,34.0,34.3,34.209446918209515,34.15,34.3,2133500.0,2133500.0,0.0,72985855000.0,0.0,85300.0,2918065822.1232715,72000.0,2463080178.111085,2059.0,3680212.0,967.0,4915888.0,1.0,2340641614.0,0.0,0.0,0.0,1000.0
2026-05-13T00:00:00,VCK,34.4,33.8,34.1,33.98384283284636,34.0,34.15,2293100.0,2293100.0,0.0,77928350000.0,0.0,93800.0,3187684457.720989,139800.0,4750941228.031921,2103.0,4241246.0,1209.0,4995432.0,1.0,2340669314.0,0.0,0.0,0.0,1000.0
2026-05-14T00:00:00,VCK,34.4,33.2,33.8,33.689491876944345,33.2,34.0,3760900.0,3760900.0,0.0,126702810000.0,0.0,10000.0,336894918.7694435,457400.0,15409573584.514345,2736.0,4544577.0,1390.0,5996153.0,1.0,2340863714.0,0.0,0.0,0.0,1000.0
2026-05-15T00:00:00,VCK,33.45,32.2,32.9,32.691108466023294,33.45,33.2,7388180.0,7015100.0,373080.0,240859567000.0,11528172000.0,172200.0,5629408877.849211,495900.0,16211520688.300951,5635.0,11282539.0,3668.0,9633589.0,1.0,2340598714.0,0.0,0.0,0.0,1000.0
2026-05-18T00:00:00,VCK,33.45,32.6,33.15,33.023989495014135,33.45,33.45,3750600.0,3750600.0,0.0,123859775000.0,0.0,88000.0,2906111075.5612435,575301.0,18998734180.471123,2976.0,5968891.0,1635.0,6058154.0,1.0,2340816414.0,0.0,0.0,0.0,1000.0
2026-05-19T00:00:00,VCK,33.7,32.8,33.5,33.19792869111897,33.0,33.45,3222600.0,3222600.0,0.0,106983645000.0,0.0,379700.0,12605253524.017874,64420.0,2138610566.2818842,2184.0,4989805.0,1984.0,6429699.0,1.0,2341021514.0,0.0,0.0,0.0,1000.0
2026-05-20T00:00:00,VCK,33.5,31.8,33.0,32.77621647999257,33.5,33.0,4323420.0,4303400.0,20020.0,141665786000.0,616616000.0,432500.0,14175713627.596785,319500.0,10472001165.357624,2581.0,6941877.0,1935.0,5917713.0,1.0,2340925534.0,0.0,0.0,0.0,1000.0
2026-05-21T00:00:00,VCK,33.5,32.95,33.2,33.2721568627451,33.5,33.5,2371500.0,2371500.0,0.0,78904920000.0,0.0,45600.0,1517210352.9411764,205000.0,6820792156.862745,1406.0,3841546.0,2056.0,5707363.0,1.0,2341788735.0,0.0,0.0,0.0,1000.0
2026-05-22T00:00:00,VCK,33.7,32.85,33.05,33.35739194741167,33.5,33.5,3042500.0,3042500.0,0.0,101489865000.0,0.0,352300.0,11751809183.073132,196100.0,6541384560.887428,1781.0,5314416.0,2362.0,6251815.0,1.0,2341432835.0,0.0,0.0,0.0,1000.0
2026-05-25T00:00:00,VCK,33.5,33.25,33.4,33.34094056351546,33.35,33.5,1458700.0,1458700.0,0.0,48634430000.0,0.0,4100.0,136697856.3104134,140400.0,4681068055.117571,789.0,2202629.0,1601.0,4217222.0,1.0,2341625535.0,0.0,0.0,0.0,1000.0
2026-05-26T00:00:00,VCK,33.85,33.2,33.2,33.68446638470121,33.7,33.35,3853900.0,3853900.0,0.0,129816565000.0,0.0,404100.0,13611892866.05776,299620.0,10092539818.184177,1481.0,6180418.0,2290.0,7040649.0,1.0,2341383935.0,0.0,0.0,0.0,1000.0
2026-05-27T00:00:00,VCK,33.85,33.45,33.5,33.5672206228736,33.55,33.7,1910500.0,1910500.0,0.0,64130175000.0,0.0,37300.0,1252057329.233185,125864.0,4224904656.477362,1267.0,3009934.0,1287.0,5315016.0,1.0,2341650755.0,0.0,0.0,0.0,1000.0
2026-05-28T00:00:00,VCK,33.7,33.0,33.45,33.2984073812882,33.0,33.55,1701600.0,1701600.0,0.0,56660570000.0,0.0,29900.0,995622380.7005172,250100.0,8327931686.060179,1164.0,2630678.0,1160.0,4429547.0,1.0,2341797455.0,0.0,0.0,0.0,1000.0
2026-05-29T00:00:00,VCK,33.25,32.6,32.75,32.88788049810661,33.0,33.0,2746400.0,2746400.0,0.0,90323275000.0,0.0,205200.0,6748593078.211477,1269000.0,41734720352.09729,1575.0,5323558.0,1423.0,5068698.0,1.0,2341586055.0,0.0,0.0,0.0,1000.0
2026-06-01T00:00:00,VCK,33.1,32.6,32.7,32.76773246624215,32.7,33.0,2214300.0,2214300.0,0.0,72557590000.0,0.0,331200.0,10852672992.8194,1021200.0,33462408394.526485,1252.0,4471668.0,1305.0,3850319.0,1.0,2341586719.0,0.0,0.0,0.0,1000.0
2026-06-02T00:00:00,VCK,32.9,32.1,32.8,32.422703262768685,32.2,32.7,2461100.0,2461100.0,0.0,79795515000.0,0.0,6300.0,204263030.5554427,1088200.0,35282385690.544876,1485.0,4192733.0,1625.0,4628682.0,1.0,2342131319.0,0.0,0.0,0.0,1000.0
2026-06-03T00:00:00,VCK,32.5,31.8,32.2,32.098088388731554,32.2,32.2,8239800.0,4025400.0,4214400.0,274393725000.0,145186080000.0,387800.0,12447638677.150097,4861500.0,156044856701.81845,2058.0,10782331.0,1198.0,10830351.0,1.0,2342804519.0,0.0,0.0,0.0,1000.0
2026-06-04T00:00:00,VCK,32.4,31.85,32.2,32.06274481002742,32.2,32.2,2042400.0,2042400.0,0.0,65484950000.0,0.0,700.0,22443921.36701919,581000.0,18628454734.62593,1366.0,3730718.0,922.0,4195304.0,1.0,2343883619.0,0.0,0.0,0.0,1000.0
2026-06-05T00:00:00,VCK,32.5,32.0,32.0,32.24132276828654,32.35,32.2,2183300.0,2183300.0,0.0,70392480000.0,0.0,32900.0,1060739519.0766271,497200.0,16030385680.392067,1191.0,3341825.0,1320.0,3951818.0,1.0,2344935919.0,0.0,0.0,0.0,1000.0
2026-06-08T00:00:00,VCK,32.7,31.8,32.2,32.31925787299948,32.7,32.35,3874000.0,3874000.0,0.0,125204805000.0,0.0,391800.0,12662685234.641197,86300.0,2789151954.4398556,1814.0,6191652.0,1316.0,5219892.0,1.0,2349002719.0,0.0,0.0,0.0,1000.0
2026-06-09T00:00:00,VCK,33.4,32.4,32.7,33.019897304236196,33.4,32.7,5375100.0,5375100.0,0.0,177485250000.0,0.0,589800.0,19475135430.03851,1126500.0,37196914313.22208,1903.0,9417053.0,2782.0,8460167.0,1.0,2349102019.0,0.0,0.0,0.0,1000.0
2026-06-10T00:00:00,VCK,33.55,33.1,33.2,33.34594898928233,33.35,33.4,3685500.0,3685500.0,0.0,122896495000.0,0.0,0.0,0.0,111480.0,3717406393.3251934,1548.0,5662530.0,1780.0,8020847.0,1.0,2350175119.0,0.0,0.0,0.0,1000.0
2026-06-11T00:00:00,VCK,33.35,32.95,33.1,33.15931490668556,33.0,33.35,2116500.0,2116500.0,0.0,70181690000.0,0.0,329100.0,10912730535.79022,60900.0,2019402277.817151,1359.0,4561540.0,1020.0,4985779.0,1.0,2349850519.0,0.0,0.0,0.0,1000.0
2026-06-12T00:00:00,VCK,33.4,32.65,33.3,33.03577925485394,33.4,33.0,4573600.0,4573600.0,0.0,151092440000.0,0.0,500000.0,16517889627.426971,507100.0,16752443660.136435,1558.0,6656283.0,1461.0,7598304.0,1.0,2349900119.0,0.0,0.0,0.0,1000.0
2026-06-15T00:00:00,VCK,34.4,33.5,33.8,34.00260466584731,34.35,33.4,9795460.0,8868700.0,926760.0,332605360000.0,31046460000.0,1902200.0,64679754595.37475,1326220.0,45094934359.94001,3228.0,16476063.0,3715.0,16234694.0,1.0,2348581399.0,0.0,0.0,0.0,1000.0
2026-06-16T00:00:00,VCK,34.7,34.15,34.5,34.46742234563967,34.65,34.35,8860858.0,6590100.0,2270758.0,305257835800.0,78114075800.0,1009400.0,34791416115.68868,632100.0,21786857664.678837,2265.0,12219717.0,2966.0,16580478.0,1.0,2348935219.0,138600000.0,0.0,138600000.0,1000.0
2026-06-17T00:00:00,VCK,34.75,34.1,34.75,34.341416246887846,34.1,34.65,3454200.0,3454200.0,0.0,118622120000.0,0.0,72300.0,2482884394.6499915,452060.0,15524380628.56812,2193.0,5167261.0,2441.0,9613748.0,1.0,2349522119.0,0.0,0.0,0.0,1000.0
2026-06-18T00:00:00,VCK,34.3,33.55,34.1,33.853704317364134,33.55,34.1,4224800.0,4224800.0,0.0,143025130000.0,0.0,89000.0,3012979684.245408,1285300.0,43512166159.10812,1966.0,5960062.0,2032.0,9510235.0,1.0,2349571419.0,0.0,0.0,0.0,1000.0
2026-06-19T00:00:00,VCK,33.8,33.35,33.55,33.73061888001228,33.8,33.55,10426900.0,10426900.0,0.0,351705790000.0,0.0,7416000.0,250146269614.17105,2207200.0,74450221991.96309,2279.0,15793479.0,2475.0,21103907.0,1.0,2342180019.0,0.0,0.0,0.0,1000.0
2026-06-22T00:00:00,VCK,33.7,33.25,33.7,33.43326818529002,33.3,33.8,2225700.0,2225700.0,0.0,74412425000.0,0.0,600.0,20059960.911174014,316200.0,10571599400.188705,1470.0,3528569.0,1183.0,5058129.0,1.0,2344756379.0,0.0,0.0,0.0,1000.0
2026-06-23T00:00:00,VCK,33.6,32.85,33.15,33.27247249374321,33.4,33.3,4235400.0,4235400.0,0.0,140922230000.0,0.0,1400.0,46581461.491240494,525500.0,17484684295.46206,2076.0,6056936.0,1592.0,7434253.0,1.0,2345996079.0,0.0,0.0,0.0,1000.0
2026-06-24T00:00:00,VCK,33.4,32.8,33.2,33.020569358835864,33.2,33.4,1573700.0,1573700.0,0.0,51964470000.0,0.0,3500.0,115571992.75592552,123800.0,4087946486.62388,1312.0,3208508.0,1233.0,4028007.0,1.0,2345994779.0,-132800000.0,0.0,-132800000.0,1000.0
2026-06-25T00:00:00,VCK,33.0,32.7,33.0,32.86448936071578,32.95,33.2,2157100.0,2157100.0,0.0,70891990000.0,0.0,0.0,0.0,157200.0,5166297727.50452,1465.0,3289081.0,1099.0,4935141.0,1.0,2346317279.0,0.0,0.0,0.0,1000.0
2026-06-26T00:00:00,VCK,33.5,32.65,33.05,33.08731524717323,33.5,32.95,2591300.0,2591300.0,0.0,85739160000.0,0.0,481000.0,15914998633.890326,78400.0,2594045515.3783817,1235.0,4579857.0,1213.0,4433797.0,1.0,2346330879.0,0.0,0.0,0.0,1000.0
2026-06-29T00:00:00,VCK,33.65,33.2,33.45,33.437248085074735,33.4,33.5,2689400.0,2689400.0,0.0,89926135000.0,0.0,410100.0,13712615439.68915,133400.0,4460528894.54897,1255.0,4651015.0,1573.0,6826599.0,1.0,2346070979.0,0.0,0.0,0.0,1000.0
2026-06-30T00:00:00,VCK,33.7,33.1,33.3,33.37015602559081,33.1,33.4,3063600.0,3063600.0,0.0,102232810000.0,0.0,605900.0,20218977535.90547,585100.0,19524878290.57318,1470.0,5006816.0,1714.0,6854302.0,1.0,2345859679.0,0.0,0.0,0.0,1000.0
2026-07-01T00:00:00,VCK,33.5,32.95,33.15,33.21637692075927,33.35,33.1,3319000.0,3319000.0,0.0,110245155000.0,0.0,723000.0,24015440513.70895,133000.0,4417778130.460982,1963.0,6004703.0,1493.0,6674763.0,1.0,2345670679.0,0.0,0.0,0.0,1000.0
2026-07-02T00:00:00,VCK,33.6,33.2,33.3,33.40246458440007,33.3,33.35,2929530.0,2929500.0,30.0,97853537000.0,1017000.0,463200.0,15472021595.494112,115600.0,3861324905.956648,1536.0,4778500.0,1563.0,6278213.0,1.0,2345341979.0,0.0,0.0,0.0,1000.0
2026-07-03T00:00:00,VCK,34.2,33.3,33.5,33.82623422583814,34.2,33.3,8034760.0,7940200.0,94560.0,271953401000.0,3366336000.0,1983500.0,67094335586.94995,30000.0,1014787026.7751442,3342.0,15169888.0,3446.0,11138869.0,1.0,2343417179.0,0.0,0.0,0.0,1000.0
2026-07-06T00:00:00,VCK,34.35,33.0,34.35,33.76246588975569,33.5,34.2,3114900.0,3114900.0,0.0,105166705000.0,0.0,57300.0,1934589295.483001,371700.0,12549508571.22219,2057.0,5216159.0,1927.0,7524605.0,1.0,2343440579.0,0.0,0.0,0.0,1000.0
2026-07-07T00:00:00,VCK,33.8,33.0,33.4,33.36192093291472,33.8,33.5,3121400.0,3121400.0,0.0,104135900000.0,0.0,8800.0,293584904.2096495,62300.0,2078447674.1205869,2110.0,5648421.0,1207.0,5067570.0,1.0,2343490079.0,0.0,0.0,0.0,1000.0
2026-07-08T00:00:00,VCK,34.1,33.5,33.85,33.768887660632856,33.5,33.8,3618500.0,3618500.0,0.0,122192720000.0,0.0,82500.0,2785933232.002211,730100.0,24654664881.02805,2223.0,4810209.0,2108.0,9170448.0,1.0,2343418179.0,0.0,0.0,0.0,1000.0
2026-07-09T00:00:00,VCK,33.4,32.7,33.2,32.88717282434092,32.75,33.5,3174900.0,3174900.0,0.0,104413485000.0,0.0,2700.0,88795366.6257205,715200.0,23520906003.968628,2585.0,4457493.0,1845.0,6752190.0,1.0,2343810879.0,0.0,0.0,0.0,1000.0
2026-07-10T00:00:00,VCK,33.0,32.45,32.85,32.70512148260818,32.75,32.75,2498300.0,2498300.0,0.0,81707205000.0,0.0,7000.0,228935850.37825722,100.0,3270512.1482608174,1328.0,3661419.0,1310.0,5084888.0,1.0,2343860079.0,0.0,0.0,0.0,1000.0
2026-07-13T00:00:00,VCK,32.55,30.9,32.25,31.889273654314916,32.0,32.75,4471702.0,4471700.0,2.0,142599329500.0,64500.0,137800.0,4394341909.564595,650600.0,20747161439.497284,2439.0,6228484.0,1582.0,7029362.0,1.0,2344368679.0,0.0,0.0,0.0,1000.0
2026-07-14T00:00:00,VCK,32.15,31.4,31.9,31.893960217901945,32.1,32.0,2000900.0,2000900.0,0.0,63816625000.0,0.0,98900.0,3154312665.5505023,1200.0,38272752.261482336,1324.0,3381802.0,1035.0,3960581.0,1.0,2345121879.0,0.0,0.0,0.0,1000.0
2026-07-15T00:00:00,VCK,32.3,31.5,32.15,31.807710800463003,32.0,32.1,2246200.0,2246200.0,0.0,71446480000.0,0.0,21800.0,693408095.4500935,120900.0,3845552235.775977,1180.0,3394155.0,1027.0,4056619.0,1.0,2345105679.0,0.0,0.0,0.0,1000.0
2026-07-16T00:00:00,VCK,32.0,31.0,31.85,31.585515455575337,32.0,32.0,3304600.0,3089500.0,215100.0,104466650000.0,6883200000.0,337600.0,10663270017.802233,188900.0,5966503869.558181,1680.0,5747510.0,1635.0,4715779.0,1.0,2345306279.0,0.0,0.0,0.0,1000.0
2026-07-17T00:00:00,VCK,32.1,31.25,32.1,31.595815071398277,31.25,32.0,1414600.0,1414600.0,0.0,44695440000.0,0.0,13300.0,420224340.44959706,237200.0,7494527334.935671,913.0,2040622.0,927.0,3498682.0,1.0,2345492179.0,0.0,0.0,0.0,1000.0
2026-07-20T00:00:00,VCK,31.15,29.35,31.0,30.08183751846381,29.7,31.25,3385000.0,3385000.0,0.0,101827020000.0,0.0,53700.0,1615394674.7415066,128300.0,3859499753.618907,2092.0,4620179.0,1537.0,5746447.0,1.0,2345565379.0,0.0,0.0,0.0,1000.0
2026-07-21T00:00:00,VCK,30.25,29.3,29.3,29.8207493673259,29.9,29.7,2133800.0,2133800.0,0.0,63631515000.0,0.0,475900.0,14191694623.910395,300800.0,8970081409.69163,1280.0,4236150.0,1012.0,3806145.0,1.0,2345113879.0,0.0,0.0,0.0,1000.0
2026-07-22T00:00:00,VCK,30.0,29.35,29.65,29.67783043823296,29.5,29.9,2268200.0,2268200.0,0.0,67315255000.0,0.0,373200.0,11075766319.54854,218300.0,6478670384.666255,1229.0,4611583.0,911.0,3865138.0,1.0,2345287679.0,0.0,0.0,0.0,1000.0
2026-07-23T00:00:00,VCK,30.4,29.1,29.45,29.82549813581077,30.4,29.5,3272200.0,3272200.0,0.0,97594995000.0,0.0,673900.0,20099403193.722878,30600.0,912660242.9558096,1629.0,6367044.0,1465.0,4466518.0,1.0,2344892079.0,0.0,0.0,0.0,1000.0
2026-07-24T00:00:00,VCK,30.15,29.15,30.0,29.69094916183255,29.65,30.4,2189300.0,2189300.0,0.0,65002395000.0,0.0,95800.0,2844392929.7035584,506400.0,15035496655.552004,1246.0,3089962.0,976.0,4887077.0,1.0,2344846879.0,0.0,0.0,0.0,1000.0
2026-07-27T00:00:00,VCK,29.7,28.35,29.7,29.031525585463797,28.35,29.65,2515135.0,2515100.0,35.0,73018222500.0,1032500.0,31800.0,923202513.6177489,597800.0,17355045994.990257,1536.0,3823968.0,1051.0,5058973.0,1.0,2344933679.0,-20440000.0,0.0,-20440000.0,1000.0
2026-07-28T00:00:00,VCK,29.15,27.45,28.0,28.229033197437392,28.6,28.35,3434000.0,3434000.0,0.0,96938500000.0,0.0,625300.0,17651614458.3576,776100.0,21908552664.53116,2243.0,5783421.0,1599.0,5893505.0,1.0,2344290879.0,0.0,0.0,0.0,1000.0
2026-07-29T00:00:00,VCK,29.15,28.4,28.4,28.848464998044584,29.15,28.6,1534200.0,1534200.0,0.0,44259315000.0,0.0,130700.0,3770494375.244427,96300.0,2778107179.311693,731.0,2612929.0,993.0,2382353.0,1.0,2345201379.0,0.0,0.0,0.0,1000.0
2026-07-30T00:00:00,VCK,31.15,29.0,29.0,30.56908101643362,31.15,29.15,6772700.0,6772700.0,0.0,207035215000.0,0.0,762800.0,23318094999.335567,151800.0,4640386498.294624,2125.0,11424872.0,3059.0,9525623.0,1.0,2345063679.0,0.0,0.0,0.0,1000.0
2026-07-31T00:00:00,VCK,31.15,30.7,31.15,30.919971789298433,31.0,31.15,2162300.0,2162300.0,0.0,66858255000.0,0.0,820300.0,25363652858.761505,195100.0,6032486496.092124,1709.0,3511553.0,1580.0,4763967.0,1.0,2344608279.0,11179835000.0,0.0,11179835000.0,1000.0
2026-08-03T00:00:00,VCK,31.7,31.0,31.25,31.422888304697523,31.35,31.0,3195300.0,3195300.0,0.0,100405555000.0,0.0,163100.0,5125073082.496166,422800.0,13285597175.226114,1519.0,5061193.0,1924.0,6593027.0,1.0,2344640579.0,0.0,0.0,0.0,1000.0
2026-08-04T00:00:00,VCK,31.45,31.1,31.35,31.30379012869467,31.35,31.35,1840000.0,1414200.0,425800.0,57497964200.0,13228144200.0,243000.0,7606821001.272804,264500.0,8279852489.03974,1051.0,3039596.0,1120.0,3404648.0,1.0,2344572279.0,0.0,-11209235000.0,-11209235000.0,1000.0
2026-08-05T00:00:00,VCK,31.8,30.8,31.7,31.30215063562218,30.8,31.35,2194700.0,2194700.0,0.0,68698830000.0,0.0,90700.0,2839105062.650932,161100.0,5042776467.398733,1160.0,3337067.0,1389.0,5773991.0,1.0,2344726879.0,2168280000.0,0.0,2168280000.0,1000.0
2026-08-06T00:00:00,VCK,30.95,30.45,30.85,30.643423603727562,30.55,30.8,1598900.0,1598900.0,0.0,48995770000.0,0.0,442844.0,13570256282.36913,41600.0,1274766421.9150667,1289.0,2890516.0,698.0,3043645.0,1.0,2344639135.0,920500000.0,0.0,920500000.0,1000.0
2026-08-07T00:00:00,VCK,30.9,30.35,30.65,30.658178712572845,30.35,30.55,1492900.0,1492900.0,0.0,45769595000.0,0.0,2900.0,88908718.26646125,138700.0,4252289387.4338536,992.0,2204118.0,796.0,3177705.0,1.0,2344662735.0,55245000.0,0.0,55245000.0,1000.0
2026-08-10T00:00:00,VCK,31.0,30.4,30.4,30.782077764277034,30.8,30.35,2386700.0,2386700.0,0.0,73467585000.0,0.0,167700.0,5162154441.069259,126795.0,3903013550.1215067,1178.0,4127659.0,889.0,4095155.0,1.0,2344571335.0,3064850000.0,0.0,3064850000.0,1000.0
2026-08-11T00:00:00,VCK,31.15,30.75,31.0,30.9234913479715,30.85,30.8,2063100.0,2063100.0,0.0,63798255000.0,0.0,4300.0,132971012.79627745,115400.0,3568570901.555911,1530.0,3033700.0,1045.0,4370792.0,1.0,2344693930.0,4663270000.0,0.0,4663270000.0,1000.0
2026-08-12T00:00:00,VCK,30.95,30.6,30.85,30.811058484349257,30.8,30.85,971200.0,971200.0,0.0,29923700000.0,0.0,6800.0,209515197.69357497,96600.0,2976348249.5881386,859.0,1589356.0,817.0,3289796.0,1.0,2344827730.0,33990000.0,0.0,33990000.0,1000.0
2026-08-13T00:00:00,VCK,30.9,29.5,30.7,30.175817297589383,29.5,30.8,3331100.0,3331100.0,0.0,100518665000.0,0.0,80000.0,2414065383.807151,1467200.0,44273959139.02315,2608.0,4807751.0,1738.0,6235014.0,1.0,2344755630.0,0.0,0.0,0.0,1000.0
2026-08-14T00:00:00,VCK,29.85,29.05,29.5,29.48786821390895,29.6,29.5,2464600.0,2464600.0,0.0,72675800000.0,0.0,247200.0,7289401022.478292,584040.0,17222094551.651382,2369.0,5089571.0,2067.0,4800929.0,1.0,2344665930.0,0.0,0.0,0.0,1000.0
2026-08-17T00:00:00,VCK,29.7,29.15,29.6,29.373198594024604,29.55,29.6,1422500.0,1422500.0,0.0,41783375000.0,0.0,141000.0,4141621001.757469,243100.0,7140624578.207381,1324.0,3250092.0,749.0,2734611.0,1.0,2344894730.0,211675000.0,0.0,211675000.0,1000.0
2026-08-18T00:00:00,VCK,29.65,29.15,29.65,29.350758968277496,29.25,29.55,1686500.0,1686500.0,0.0,49500055000.0,0.0,17800.0,522443509.63533944,334600.0,9820763950.78565,1241.0,2848024.0,1282.0,2856359.0,1.0,2346423630.0,0.0,0.0,0.0,1000.0
2026-08-19T00:00:00,VCK,29.5,29.1,29.2,29.263137595217437,29.4,29.25,1037100.0,1037100.0,0.0,30348800000.0,0.0,66200.0,1937219708.803394,181600.0,5314185787.291486,890.0,2180114.0,701.0,1947977.0,1.0,2346712670.0,0.0,0.0,0.0,1000.0
2026-08-20T00:00:00,VCK,29.6,29.1,29.35,29.288029089008884,29.1,29.4,1148200.0,1148200.0,0.0,33628515000.0,0.0,18800.0,550614946.873367,331400.0,9706052840.097544,939.0,2089008.0,799.0,2967707.0,1.0,2346864270.0,0.0,0.0,0.0,1000.0
2026-08-21T00:00:00,VCK,30.4,29.1,29.1,29.918821001886396,30.4,29.1,4771000.0,4771000.0,0.0,142742695000.0,0.0,137600.0,4116829769.859568,1178800.0,35268306197.02368,2328.0,7243363.0,1799.0,7903023.0,1.0,2346957570.0,0.0,0.0,0.0,1000.0
2026-08-24T00:00:00,VCK,30.9,30.3,30.6,30.561914550926122,30.35,30.4,7450084.0,2359300.0,5090784.0,229919029000.0,157814304000.0,157600.0,4816557733.225957,241000.0,7365421406.773195,1711.0,8584785.0,1833.0,10581980.0,1.0,2347139470.0,18240000.0,-157814304000.0,-157796064000.0,1000.0
2026-08-25T00:00:00,VCK,30.7,30.15,30.5,30.37213725419965,30.15,30.35,2791900.0,2791900.0,0.0,84795970000.0,0.0,125000.0,3796517156.774956,172400.0,5236156462.62402,1373.0,4558014.0,1381.0,5105273.0,1.0,2347474670.0,0.0,0.0,0.0,1000.0
2026-08-26T00:00:00,VCK,30.5,30.0,30.05,30.242619971511374,30.45,30.15,2035900.0,2035900.0,0.0,61570950000.0,0.0,202500.0,6124130544.231052,233900.0,7073748811.33651,1388.0,5713071.0,1473.0,3246255.0,1.0,2348443170.0,9030000.0,0.0,9030000.0,1000.0
2026-08-27T00:00:00,VCK,30.6,30.3,30.5,30.446127333652466,30.4,30.45,1064500.0,1044500.0,20000.0,32367980000.0,567000000.0,101300.0,3084192698.898995,84600.0,2575742372.4269986,1043.0,2244676.0,909.0,2811037.0,1.0,2348630070.0,39545000.0,0.0,39545000.0,1000.0
2026-08-28T00:00:00,VCK,30.5,30.1,30.35,30.320955856049224,30.45,30.4,2795400.0,2795400.0,0.0,84759200000.0,0.0,228309.0,6922547110.538742,921600.0,27943792916.934963,2375.0,5841946.0,1278.0,4631270.0,1.0,2348534225.0,1212000000.0,0.0,1212000000.0,1000.0
2026-09-03T00:00:00,VCK,30.3,30.0,30.15,30.146868453369933,30.0,30.45,1384300.0,1384300.0,0.0,41732310000.0,0.0,139555.0,4207146227.010041,146900.0,4428574975.800043,1419.0,2318803.0,612.0,2150624.0,1.0,2348656381.0,0.0,0.0,0.0,1000.0
2026-09-04T00:00:00,VCK,30.3,29.9,30.0,30.081866729361188,30.15,30.0,1488700.0,1488700.0,0.0,44782875000.0,0.0,136244.0,4098473850.6750855,46800.0,1407831362.9341035,1221.0,3286822.0,833.0,2496622.0,1.0,2348631126.0,0.0,0.0,0.0,1000.0
2026-09-07T00:00:00,VCK,30.15,29.5,30.15,29.725704119172548,29.5,30.15,1658100.0,1658100.0,0.0,49288190000.0,0.0,53300.0,1584380029.5518968,197700.0,5876771704.360413,1441.0,3106690.0,1006.0,3218367.0,1.0,2349349517.0,0.0,0.0,0.0,1000.0
2026-09-08T00:00:00,VCK,30.4,29.4,29.5,29.894960725534098,30.2,29.5,2635300.0,2635300.0,0.0,78782190000.0,0.0,574652.0,17179198970.849619,76200.0,2277996007.285698,1637.0,4775925.0,1245.0,3798253.0,1.0,2348831010.0,0.0,0.0,0.0,1000.0
2026-09-09T00:00:00,VCK,30.0,29.7,29.8,29.853553595206392,29.85,30.2,1201600.0,1201600.0,0.0,35872030000.0,0.0,66300.0,1979290603.3621838,182400.0,5445288175.765646,1087.0,2218017.0,1586.0,2638731.0,1.0,2348845310.0,0.0,0.0,0.0,1000.0
2026-09-10T00:00:00,VCK,30.15,29.55,29.95,29.904366908746447,30.1,29.85,1583500.0,1583500.0,0.0,47353565000.0,0.0,149100.0,4458741106.094095,42407.0,1268154487.4992106,1098.0,2804893.0,1119.0,2664281.0,1.0,2348906210.0,0.0,0.0,0.0,1000.0
2026-09-11T00:00:00,VCK,29.95,28.6,29.8,29.207016500079327,29.0,30.1,2521200.0,2521200.0,0.0,73636730000.0,0.0,58600.0,1711531166.9046485,1108800.0,32384739895.287956,1927.0,3577742.0,1236.0,4543913.0,1.0,2348896817.0,0.0,0.0,0.0,1000.0
2026-09-14T00:00:00,VCK,28.9,27.5,28.85,28.16329134902221,28.4,29.0,3318700.0,3318700.0,0.0,93465515000.0,0.0,283000.0,7970211451.773285,1665920.0,46917790324.16308,2760.0,5025787.0,1478.0,5513584.0,1.0,2348766317.0,31350000.0,0.0,31350000.0,1000.0
2026-09-15T00:00:00,VCK,29.0,28.15,28.5,28.501854886769966,28.5,28.4,2013600.0,2013600.0,0.0,57391335000.0,0.0,107500.0,3063949400.327771,588000.0,16759090673.420738,1527.0,3400194.0,961.0,2956413.0,1.0,2348923117.0,0.0,0.0,0.0,1000.0
2026-09-16T00:00:00,VCK,28.6,28.0,28.5,28.208057584873227,28.0,28.5,1861600.0,1861600.0,0.0,52512120000.0,0.0,264900.0,7472314454.232918,501000.0,14132236850.021486,1578.0,3670242.0,794.0,2829919.0,1.0,2349822317.0,0.0,0.0,0.0,1000.0
2026-09-17T00:00:00,VCK,29.35,27.75,27.75,28.70346606206603,28.75,28.0,3528500.0,3528500.0,0.0,101280180000.0,0.0,929500.0,26679871704.69038,387300.0,11116852405.838175,2147.0,6924103.0,1596.0,5799181.0,1.0,2350554230.0,86205000.0,0.0,86205000.0,1000.0
2026-09-18T00:00:00,VCK,29.7,28.8,29.05,29.481036592071263,29.7,28.75,7274800.0,7274800.0,0.0,214468645000.0,0.0,5098100.0,150297272650.03848,1153600.0,34009323812.613403,1885.0,9592945.0,1853.0,9701971.0,1.0,2346030337.0,-5571895000.0,0.0,-5571895000.0,1000.0
2026-09-21T00:00:00,VCK,29.8,28.8,29.8,29.045174137123222,28.8,29.7,1280600.0,1280600.0,0.0,37195250000.0,0.0,55500.0,1612007164.610339,212400.0,6169194986.724973,1201.0,2171062.0,948.0,3419996.0,1.0,2347690237.0,0.0,0.0,0.0,1000.0
2026-09-22T00:00:00,VCK,29.3,28.65,29.0,28.85379741265511,28.9,28.8,1136300.0,1136300.0,0.0,32786570000.0,0.0,1000.0,28853797.412655108,210000.0,6059297456.657573,876.0,1879068.0,928.0,2706629.0,1.0,2347749137.0,204850000.0,0.0,204850000.0,1000.0
2026-09-23T00:00:00,VCK,29.0,28.6,28.8,28.793145577606975,28.75,28.9,871700.0,871700.0,0.0,25098985000.0,0.0,18700.0,538431822.3012505,193900.0,5582990927.4979925,0.0,0.0,0.0,0.0,1.0,2347729537.0,,,,1000.0
